,species,mass,molecular_weight,GC_content
0,Ursus spelaeus,550.8,98920.6083000019,43.771929824561404
1,Ursus arctos,203.5,98902.43750000185,43.771929824561404
2,Ursus thibetanus,99.714,98850.96810000196,45.6140350877193
3,Melursus ursinus,100.03,98780.72110000189,45.175438596491226
4,Ursus americanus,110.56,98906.51550000193,43.94736842105263
5,Helarctos malayanus,47.02,98868.57990000187,44.29824561403509
6,Ailuropoda melanoleuca,118.2,98710.90230000179,40.78947368421053
7,Tremarctos ornatus,140.7,98649.9109000019,44.3859649122807
8,Ursus maritimus,425.1,98804.31750000187,44.29824561403509
